track_name,artist_name,spotify_url,emotion
Happy Hits,Weekend Hangouts,https://open.spotify.com/track/1weF7SQay590RaoQWBz7MT,Happy
Happy Birthday Song,CoComelon,https://open.spotify.com/track/2R5iTxkCln6NLTw6l0kjWw,Happy
Give Up Baby Go,Peach Pit,https://open.spotify.com/track/6DIMM15oo3kxnCuVypaYGy,Happy
Happy B'Day,D Soldierz,https://open.spotify.com/track/5H0Yfo3acNXU278LqN47pA,Happy
Happy Days,Harshika,https://open.spotify.com/track/78XmLwf0cudyVaSbAhwhKu,Happy
Up Down (Do This All Day) (feat. B.o.B),T-Pain,https://open.spotify.com/track/6lbhWl34Il0WXm5pX1fM9E,Happy
Happy,All Ok,https://open.spotify.com/track/0cx3DUvLuL7iTJ6aUzAZNx,Happy
Happy Birthday,Miss Pooja,https://open.spotify.com/track/2jaTC2EemkaiuCqgsCkejy,Happy
Stick Season (Her Version),Deeps,https://open.spotify.com/track/4IoyFa61Q9WI9j7KMqjQRh,Happy
Happy Ever After,Zach Hood,https://open.spotify.com/track/4PbUHeQucvx6RvlhRkMJII,Happy
Happy Birthday,Hiphop Tamizha,https://open.spotify.com/track/17pZNA374fCWXSqe3JBxUF,Happy
Happy Birthday to You Ji,Mimi Teddy,https://open.spotify.com/track/4qwCVto4sxJ9Wz8OiDteZ8,Happy
Happy Day,Chakri,https://open.spotify.com/track/7DXNsHaJcMNx3XGHVxSzp0,Happy
Happy Happy,Manikiran,https://open.spotify.com/track/7dkLrb9lXNuViOpNOOgqMK,Happy
Happy Happy,Rahul Sipligunj,https://open.spotify.com/track/7yx8cggeJI0o8kGDJd0FbZ,Happy
"Happy Song - 7"" Version",Boney M.,https://open.spotify.com/track/1vNSJZgaRg57ZVSiuA5BVG,Happy
If You're Happy and You Know It - Classic Version,CoComelon,https://open.spotify.com/track/6kkD5wZyq1L1ousAXSvqsI,Happy
Happy Birthday,Diljit Dosanjh,https://open.spotify.com/track/3oh7ZkhxNVDOTo8FDGBtsg,Happy
Happy Ever After,Zach Hood,https://open.spotify.com/track/5amUOxJQM8CZldha6UWfW0,Happy
Happy Together - Rerecorded,The Turtles,https://open.spotify.com/track/0aEukMZLUaw2UvUDON0Cgv,Happy
Chirichu Konchunna,Yuvan Shankar Raja,https://open.spotify.com/track/0NNsnJCdpRSsICQbXZBruL,Happy
Happy,Karthik,https://open.spotify.com/track/5SDDK2Gq4Ag9uCzbKiQZt0,Happy
Booty Wurk (One Cheek At a Time) (feat. Joey Galaxy),T-Pain,https://open.spotify.com/track/6QgkOxBXqVRjZ1JcIDbDYY,Happy
Happy Birthday to You,The Countdown Kids,https://open.spotify.com/track/3lMwGp1hBY3gWiYxjr9RA3,Happy
"Happy, happy Halloween",Simone Sommerland,https://open.spotify.com/track/4eDYhskZHuXHd9lwEhoDce,Happy
Happy We Happened,Carter Ryan,https://open.spotify.com/track/3mEUU5VAHA5TMQHs2vLLWi,Happy
2002,Anne-Marie,https://open.spotify.com/track/1wvjwz4cgTT5PbDImmCdON,Happy
Happy Birthday Nishu Deshwal,Deepak Mudgil,https://open.spotify.com/track/2KbQMWtmgwG5dliwol0oaI,Happy
Happy Birthday,Sean Roldan,https://open.spotify.com/track/0T4eYMve5eUOe3vdSyFvkV,Happy
Happy Diwali,Vishal-Shekhar,https://open.spotify.com/track/583K4ns9YqEdw9mWWEeGrH,Happy
"Happy Birthday to You Ji, Pt. 2",Mimi Teddy,https://open.spotify.com/track/2xn3gi2VXawFT3JnvtTJfS,Happy
If You're Happy And You Know It Clap Your Hands,Nursery Rhymes ABC,https://open.spotify.com/track/2zFU0RdHl4grhmObjFuMhy,Happy
Happy Xmas (War Is Over),Céline Dion,https://open.spotify.com/track/4nAR2gfX6f5kTbloGnp8FZ,Happy
Happy and You Know It - Clap Clap,Little Baby Bum Nursery Rhyme Friends,https://open.spotify.com/track/2zw6VHn6WGAm5KoUGzJvVi,Happy
Egirey Mabbulona,KK,https://open.spotify.com/track/0luPbXVy3IVAFAIgVSy9GP,Happy
"Be Happy (from ""Sathyam ( Malayalam Film Song)"")",Jyotsna Radhakrishnan,https://open.spotify.com/track/7MVFXVZnxcXRKWc1PTKXa9,Happy
Bodhua (Happy),Zubeen Garg,https://open.spotify.com/track/6t4LO6lfvrKrfbO9o8gJA7,Happy
Happy - Remix,All Ok,https://open.spotify.com/track/5xbuGqBnIvAhpoy4mQNpvB,Happy
Happy,Yuvan Shankar Raja,https://open.spotify.com/track/07EduHFSshl9TvpRw1vuBw,Happy
Oru Jeevanthan - Happy,S. P. Balasubrahmanyam,https://open.spotify.com/track/4q6rpSCSA6ddQxPnsT1XDw,Happy
"Kaagegyaak Kankappu (From ""Happy Birthday)"")",Vijay Prakash,https://open.spotify.com/track/19JZb1cebsfjnvLlBlEs6m,Happy
"Happy Birthday - From ""Naan Sirithal""",Diwakar,https://open.spotify.com/track/6Uq04F8rsqR0tAYBTVGlEv,Happy
Osa Osa,Jassie Gift,https://open.spotify.com/track/3oalcbjOC14l3K5G7gYzus,Happy
Happy New Year,Sirpy,https://open.spotify.com/track/0gRTPNN3eCNvX7nZ6YY9mL,Happy
"Happy Happy (From ""Blackmail"")",Badshah,https://open.spotify.com/track/3rnxHAKckU017oJHqRUvEF,Happy
Happy Ga Jolly Ga,Sonu Nigam,https://open.spotify.com/track/0AAd7UqB0i4tAcQNMBKwjR,Happy
The Happy Diwali Song,Shaan,https://open.spotify.com/track/6Iar2rdBfVt5Sv7U7tD8Rr,Happy
Lifey Jollyda,Devi Sri Prasad,https://open.spotify.com/track/3It1gi4QjCRUGGiy6Lj8Mh,Happy
Up Down (Do This All Day) (feat. B.o.B),T-Pain,https://open.spotify.com/track/6ST8fTROrYNpVYT0eIiscP,Happy
Happy New Year,Vidyasagar,https://open.spotify.com/track/3n6tB0RkaxQkgWtF1LmsU9,Happy
Feel Good Inc.,Gorillaz,https://open.spotify.com/track/0d28khcov6AiegSCpG5TuT,Happy
Feel Good,Clara La San,https://open.spotify.com/track/4E2j6b0NrYXnlypn9sMiOu,Happy
Feel Good,Deadfunk,https://open.spotify.com/track/4651hU0Wz5RAVDPxpw7E9H,Happy
Feel Good,Syn Cole,https://open.spotify.com/track/0dkV8DuMfWAVhfi3iMnIX3,Happy
Feel Good (with Daya),Gryffin,https://open.spotify.com/track/0Ev562zA4pmUsBqjxsxxdx,Happy
Feel Good Inc.,Gorillaz,https://open.spotify.com/track/57pAxGQGYlN7QWbmw1Wq5G,Happy
Feeling Good,Michael Bublé,https://open.spotify.com/track/1AM8QdDFZMq6SrrqUnuQ9P,Happy
feel good inc. - slowed + reverb,Vallvete,https://open.spotify.com/track/62kKCnGNsVWHdiPaLPWx7M,Happy
Feel Good,Charlotte Cardin,https://open.spotify.com/track/6PcVlezWXunO2Bh78iEq0W,Happy
Feel Good (feat. Charlotte Cardin) [Remix],RUSH AVENUE,https://open.spotify.com/track/7xSFxdiohvPmxMF9nkmVHU,Happy
Feel It (From “Invincible”),d4vd,https://open.spotify.com/track/3SAga35lAPYdjj3qyfEsCF,Happy
I Feel Good,BOYNEXTDOOR,https://open.spotify.com/track/1klePVubVctBqhlKJvibil,Happy
I Feel Good,Vishal-Shekhar,https://open.spotify.com/track/09sq0BHe85uV2ADUx1gaiA,Happy
Feel Good Inc. - Slowed + Reverb,Velocite,https://open.spotify.com/track/3pXHCjmNFiAynd8BevVieb,Happy
Adyam Thammil,Ifthi,https://open.spotify.com/track/5Ye5VX2e1B61Bx5GwZYPNd,Happy
"Ilakozhiye - From ""Thalavara""",electronic kili,https://open.spotify.com/track/0bWSEjbLs9Byx02grLa6AX,Happy
Pularaan Neram,Sooraj Santhosh,https://open.spotify.com/track/3EPHaxloBVjAiCSW235Zh5,Happy
Feel Good Inc. - Instrumental,Gorillaz,https://open.spotify.com/track/2mqy9DgqhPw00K8pQV0LTk,Happy
Aaraadhike,Sooraj Santhosh,https://open.spotify.com/track/7nHQjVpEncX7NEdA2G6kU1,Happy
feel good inc.,angelbaby,https://open.spotify.com/track/2Gos10nDY0wqH7rIs5q7EZ,Happy
Feel Good - Slowed,Syn Cole,https://open.spotify.com/track/485vNbtSKQZ0y1SGYcayY8,Happy
Dilshad,Yawar Abdal,https://open.spotify.com/track/487NdFWy4ie4r5xb0avzKw,Happy
Aaro Nenjil,Shaan Rahman,https://open.spotify.com/track/3pV7GR1Diat03TAXGTDaXB,Happy
Thaniye,Vishnu Vijay,https://open.spotify.com/track/34rRV7ynqXCwhUceYStKFZ,Happy
505,Arctic Monkeys,https://open.spotify.com/track/0BxE4FqsDD1Ot4YuBXwAPp,Happy
Windmill Windmill for the Land,Glenn Callin,https://open.spotify.com/track/181fJASahtAU2OmJ7UmmAj,Happy
"Sundaree Onnu Parayoo - Version, 1",Deepak Dev,https://open.spotify.com/track/1HELfOdMwHZRwjyekjrrXx,Happy
"Mazhathullikal - Version, 1",Berny-Ignatius,https://open.spotify.com/track/2uRo33fBwWmnQAjFW2ukoK,Happy
Chenthengin,Gopi Sundar,https://open.spotify.com/track/7j3SYBuX7MaqbOjlIaxt9S,Happy
"Parayuvaan - From ""Ishq""",Sid Sriram,https://open.spotify.com/track/4hTcGYU6uXZVCAfIMsxhlC,Happy
"Ranam - From ""Ranam""",Jakes Bejoy,https://open.spotify.com/track/6f6CZPUqlcBRfwQ7153zjH,Happy
Oru Nokku Kaanuvaan,Deepak Dev,https://open.spotify.com/track/6HkT2S0yiktHdq10q9Qndp,Happy
Nilapakshi Happy Version,Sushin Shyam,https://open.spotify.com/track/6GuUpRsSJAhdkwWGoW9Kfx,Happy
Nenjodu Cherthu,Sreejith Edavana,https://open.spotify.com/track/6OZk7KDumL8Q71Z1veRWX5,Happy
Etho Saayaana,Gopi Sundar,https://open.spotify.com/track/0H8EERH7ifKwQR2t7NO0p1,Happy
Ponnin Kanikkonna - Wow Song,Shaan Rahman,https://open.spotify.com/track/2vlKq5QOOwN8jICCkEhvDt,Happy
Feel My Love,Devi Sri Prasad,https://open.spotify.com/track/43zJhrn5c1T3ZXZzIRFxaV,Happy
"Akale - From ""9 (Nine) Malayalam""",Shaan Rahman,https://open.spotify.com/track/5b7Px47PuvYFg2wjgymcRH,Happy
Feel Good - Acoustic,Chrissy Metz,https://open.spotify.com/track/4nXuSBtqZUVJFF9HZEdyl4,Happy
Feeling Good (Nina Simone Reimagined),Nu Deco Ensemble,https://open.spotify.com/track/4m5cBWek26IIJyiSYDtAdq,Happy
Feeling Good - Live in London,George Michael,https://open.spotify.com/track/61YA15FWR0s5tzJaAaAfZ9,Happy
Feelin' So Good - from Let's Get Loud,Jennifer Lopez,https://open.spotify.com/track/2LaxGMxia0vuKfuHvxlFiA,Happy
Good Good Feeling (Ein Kessel Buntes 11.07.1981),Eruption,https://open.spotify.com/track/4jQe0bokf7OCjSGSYwMHwd,Happy
Adada Adada,Siddharth,https://open.spotify.com/track/43zT3oDEP3I5FiZWugfqCZ,Happy
Feels So Good - Live At The Grammys / 1979,Chuck Mangione,https://open.spotify.com/track/5v5sgvvsPwg1BXgRYyyhKt,Happy
Filtro Solar (Everybody's Free (To Feel Good)),Pedro Bial,https://open.spotify.com/track/5Aqv3q3Wh5GoVoVJwIGLOq,Happy
But I Feel Good - Later With Jools Holland 2002,Groove Armada,https://open.spotify.com/track/00nSyMPiZiegUQWFQNjgPU,Happy
Medley: Get Up I Feel Like Being Like a Sex Machine / Get on the Good Foot / I Feel Good I Got You - Ao vivo,Celebrare,https://open.spotify.com/track/6tj8r5tNwAthTZffpd2VXv,Happy
Mundiri Paadam,Udit Narayan,https://open.spotify.com/track/5KcAJa9QLtRXnJBBJXr9tU,Happy
Feel Good Inc. - Live in Harlem,Gorillaz,https://open.spotify.com/track/1INbs0HMo2bZfqlvpK7S6i,Happy
Kahani Suno 2.0,Kaifi Khalil,https://open.spotify.com/track/7wYmjZ0pDiFNlFPHtki9NK,Sad
लिख देगा के Jaani,Gold E Gill,https://open.spotify.com/track/7gjaJ3UDCITdzclyDd30gC,Sad
Mohabat,Sucha Yaar,https://open.spotify.com/track/0aVpOPirZUdeJon1ikS9M5,Sad
Sad Gaana,Bali,https://open.spotify.com/track/6JLbMP9MeGB7Odhw8PO1QB,Sad
"Tum Hi Aana (From ""Marjaavaan"")",Payal Dev,https://open.spotify.com/track/6E9UwSfT80age2xknoMS7Y,Sad
Main Vichara,Armaan Bedil,https://open.spotify.com/track/5LlwJXB3YQMUBLRok521dL,Sad
"Chale Aana (From ""De De Pyaar De"")",Amaal Mallik,https://open.spotify.com/track/6vuMdb0E8buJeSHArN3dXk,Sad
Hamari Adhuri Kahani (Title Track),Jeet Gannguli,https://open.spotify.com/track/3HiobOOpSpMsi95WBKPBYk,Sad
Zaroori Tha,Rahat Fateh Ali Khan,https://open.spotify.com/track/0JChw6k59cZxegh0SGceE1,Sad
"Koi Aaye Na Rabba (From ""Daaka"")",Rochak Kohli,https://open.spotify.com/track/1p8mTL4mMVXxJ29g8V36HX,Sad
Tere Layi,Nirvair Pannu,https://open.spotify.com/track/58rlJQKF6RyDfkAxiCqVEO,Sad
Ek Tarfa - Reprise,Darshan Raval,https://open.spotify.com/track/2XXea7eZyOyQWHHs4s7yI2,Sad
Wafa Ne Bewafai,Arijit Singh,https://open.spotify.com/track/2ZWLHQCbPZqck2o2JVkmbC,Sad
Judaai,Sachin-Jigar,https://open.spotify.com/track/00qMUwE9nRJhTtb83wrAKs,Sad
Syahi,Sinta Bhai,https://open.spotify.com/track/5oiHbg81ebvBceJnSMhBUP,Sad
Ehsaas,Sheera Jasvir,https://open.spotify.com/track/5ULIvl0zduD2l9g6hdXnDo,Sad
Rula Ke Gaya Ishq,Stebin Ben,https://open.spotify.com/track/4NWw6CqXP5HvPDYV1d6SEw,Sad
Mann Bharrya,B Praak,https://open.spotify.com/track/7JuOr6DF911fVvQIeMzGYF,Sad
Uska Hi Banana,Arijit Singh,https://open.spotify.com/track/5TJOAIWHRYW8pRBpnvLUo1,Sad
"Roke Na Ruke Naina (From ""Badrinath Ki Dulhania"")",Arijit Singh,https://open.spotify.com/track/79OpcqzQvmqmy92saiWA4R,Sad
Ek Raat,Vilen,https://open.spotify.com/track/5trLYW0GIV2xESg4lbJrhY,Sad
Lo Maan Liya,Arijit Singh,https://open.spotify.com/track/2wJ9d1Gfj8OqcznPAroqvh,Sad
Milne Hai Mujhse Aayi,Arijit Singh,https://open.spotify.com/track/2iGnFW7m517taq3AJIE6DK,Sad
Aadat,Ninja,https://open.spotify.com/track/12TxeF1dTrc2bxQcEl9NyA,Sad
Phir Bhi Tumko Chaahunga,Mithoon,https://open.spotify.com/track/1fcCPXmH4vUzG6UQTTjZp5,Sad
Humnava Mere,Jubin Nautiyal,https://open.spotify.com/track/0loZn1c5heXie7OAtvK6nH,Sad
Husn,Anuv Jain,https://open.spotify.com/track/0TL0LFcwIBF5eX7arDIKxY,Sad
"Agar Tum Saath Ho (From ""Tamasha"")",Alka Yagnik,https://open.spotify.com/track/2FCXQHugkoHE1K3tiDu8pu,Sad
"Bekhayali (From ""Kabir Singh"")",Sachet Tandon,https://open.spotify.com/track/1feANd8EfcDP5UqSvbheM3,Sad
Sadiyan - I-Popstar: Vol. 1,Abhijay Sharma,https://open.spotify.com/track/2CoWmo3eVb0QCyikAvWmc0,Sad
"Milne Hai Mujhse Aayi (From ""Aashiqui 2"")",Arijit Singh,https://open.spotify.com/track/24b9eObMccIrDSs3NvdrRd,Sad
"Uska Hi Banana (From ""1920 Evil Returns"")",Arijit Singh,https://open.spotify.com/track/3h6Xvd0lISog6GxTk4X6MK,Sad
SAD GIRLZ LUV MONEY Remix (feat. Kali Uchis and Moliy),Amaarae,https://open.spotify.com/track/09gysnJpfQ3ublBmJDfcEC,Sad
Sad Songs,Elton John,https://open.spotify.com/track/15OKIKQEWoH2gpXU6AO2L9,Sad
"Main Dhoondne Ko Zamaane Mein (From ""Heartless"")",Arijit Singh,https://open.spotify.com/track/43YkTTlOD203o9E5ZxhUjF,Sad
Summertime Sadness,Lana Del Rey,https://open.spotify.com/track/3BJe4B8zGnqEdQPMvfVjuS,Sad
Good Dogs & Sad Songs - Eagle Feather Acoustic Sessions,Ian Munsick,https://open.spotify.com/track/4vim61WXr3I59hCpJHs7bq,Sad
Sadiya Kariya,Ankush Raja,https://open.spotify.com/track/4KPyLpz5P6yyZTiiN4Bv9L,Sad
Saada Aura,Dulla,https://open.spotify.com/track/1ocsN0Gh93gMgI3K0dumQ4,Sad
Gulabi Sadi,Sanju Rathod,https://open.spotify.com/track/4ITtnvLQ6SOA8XhiqkLa24,Sad
Saada Pyaar,AP Dhillon,https://open.spotify.com/track/5gSVKG0R4xc8qtDIoyDNy8,Sad
Sadiya,Pawan Singh,https://open.spotify.com/track/4KOxInngzPVaH53HDSJ9A9,Sad
Sadi Gali,Lehmber Hussainpuri,https://open.spotify.com/track/1tEto4JrqNmBZFH5uAiYqb,Sad
There'll Be Sad Songs (To Make You Cry) - (In London) [Live],Billy Ocean,https://open.spotify.com/track/4MhLv2AJx54E4A6BZYx1LF,Sad
Saadi Galli Aaja,Rochak Kohli,https://open.spotify.com/track/6riCsiX9csuomBYnenrtGd,Sad
NO SAD SONGS - Live,Niko Moon,https://open.spotify.com/track/0ByxuTcJolDqn49MBhHfla,Sad
There'll Be Sad Songs (To Make You Cry) - (Top of the Pops 1986) [Live],Billy Ocean,https://open.spotify.com/track/45l7x6QwHiMAzjjXkURceJ,Sad
sad songs - Acoustic,Good Scott,https://open.spotify.com/track/3pxLcduXSI4jJVc2B90a8s,Sad
"Sad Songs (Say So Much) - Live At Arena Di Verona, Italy / 1989",Elton John,https://open.spotify.com/track/6yoo9cnwxeSCdBQcmXlRXk,Sad
SAD!,XXXTENTACION,https://open.spotify.com/track/3ee8Jmje8o58CHK66QrVC2,Sad
Heartbreak Anniversary,GIVĒON,https://open.spotify.com/track/2QfznFotJNZmnIEYFdzE5T,Sad
Heartbreak Warfare,John Mayer,https://open.spotify.com/track/4gs07VlJST4bdxGbBsXVue,Sad
Heartbreak Kid,Toru,https://open.spotify.com/track/4WzO8fPITMILrfYqvKaoxb,Sad
Heartbreak Girl,5 Seconds of Summer,https://open.spotify.com/track/4V84hb0KLUwGgLoXfX0YMa,Sad
Heartbreak Kid,Talha Anjum,https://open.spotify.com/track/5boWQaZerjCTHdRyz2lT4k,Sad
"Heartbeat, Heartbreak",平田志穂子,https://open.spotify.com/track/4ZJKi7HXFDG2emN6xIdbmV,Sad
Heartbreak Anthem (with David Guetta & Little Mix),Galantis,https://open.spotify.com/track/5K6Ssv4Z3zRvxt0P6EKUAP,Sad
Heartbreaker,Justin Bieber,https://open.spotify.com/track/2GCKWEsbb0Xo1oodTOKVi1,Sad
Heartbreaker - 1990 Remaster,Led Zeppelin,https://open.spotify.com/track/6WE7jSshLCuVKoCmobVKVf,Sad
Heartbreaker,Intense,https://open.spotify.com/track/5nawVrW5zxK6pGlUoOPObx,Sad
Heartbreaker,Pat Benatar,https://open.spotify.com/track/22ML0MuFKfw16WejbxsLOy,Sad
Heartbreaker,Michael Jackson,https://open.spotify.com/track/0L0wNdB2KJjQrymVBkMnAq,Sad
Departure Lane Talha Anjum,Axur Lofiz,https://open.spotify.com/track/5IaXG208CIPBuP6YJ0LrZp,Sad
Heartbreaker,Enrique Iglesias,https://open.spotify.com/track/3bzf0pu3BxYH1fy87AkwQL,Sad
Heartbreak Weather,Niall Horan,https://open.spotify.com/track/3jf3c9EOFam6Q15sho0XWw,Sad
Heartbreak Mashup 2020,Sachet Tandon,https://open.spotify.com/track/3jgapFcbw5HGlJjGXHpCuS,Sad
Heartbreaker,Dolly Parton,https://open.spotify.com/track/2YWcbd9rhUmVFQAEidtfxK,Sad
Heartbroken,ACE,https://open.spotify.com/track/4HkHHWi2C1v98N1yCta1cX,Sad
Heartbreak Is Natural,Bella,https://open.spotify.com/track/6f0N18JMRXpbUEaYW72PZQ,Sad
Heartbreak Hotel,Elvis Presley,https://open.spotify.com/track/2IfE8FhnPPEBSS4rL1qhBb,Sad
Heartbreak Melody,Alan Walker,https://open.spotify.com/track/2ZKm0cv6n9G0u0mNNadw8V,Sad
The Heartbreak Chhora,Ayushmann Khurrana,https://open.spotify.com/track/1UZ1VA6CsBBWnFvaI7lJDV,Sad
Heartbreaker (feat. JAY-Z),Mariah Carey,https://open.spotify.com/track/0jsANwwkkHyyeNyuTFq2XO,Sad
REGRETS,Jevin Gill,https://open.spotify.com/track/5eX5btFBsv5x6Z3ZHflgaN,Sad
Departure Lane,Talha Anjum,https://open.spotify.com/track/0phGG7spyLAEk69IMe8G29,Sad
Heartbreak In Heaven,Gabi Sklar,https://open.spotify.com/track/3i3I7HyCJ3UxdJTY5LTaWs,Sad
Afsanay,Talhah Yunus,https://open.spotify.com/track/5TZh6RFBz3PUTP56hej65q,Sad
Gumaan,Young Stunners,https://open.spotify.com/track/6sy1Tat6CusyUkBabLT8K7,Sad
The Heart Break,Vishnu Vijay,https://open.spotify.com/track/4i7aLa2VYErxgFZk0mzhNY,Sad
Shor,Mooroo,https://open.spotify.com/track/23vaRAT9zTj5hXhMacy2hc,Sad
Heartbreak Disco,Taaruk Raina,https://open.spotify.com/track/6fxC1yDHeJMIz6fOlAfThK,Sad
Heartbreak,ZEN XO,https://open.spotify.com/track/3CFsBIHkTyWzHkh3cLyDTA,Sad
Heart Break,Namr Gill,https://open.spotify.com/track/6By7kyGT7X76dPmOf0CHDu,Sad
Heartbreaker,Arjunbir,https://open.spotify.com/track/4aiGf0po6FNlWhnwZoXEaW,Sad
Heartbreak Anniversary,GIVĒON,https://open.spotify.com/track/27tDoZsybt3KvJWTDoW9id,Sad
Heartbroken 2,ACE,https://open.spotify.com/track/2vENb6d7g9C2B46EBdwAYH,Sad
Heartbroken,Roach Killa,https://open.spotify.com/track/3jc9nAmyU3V9JPwXYRJUkl,Sad
Heartbreak Kuthu Multimix,Shayanthan Music,https://open.spotify.com/track/49oDwsG8eyW5CK0UNAJdGw,Sad
Bollywood Heartbreak Mashup,Dj Basque,https://open.spotify.com/track/6qoJguaw7H73cnfus81brO,Sad
Heartbreak Anniversary,GIVĒON,https://open.spotify.com/track/3FAJ6O0NOHQV8Mc5Ri6ENp,Sad
Släng alla heartbreakstråkar,Jonathan Johansson,https://open.spotify.com/track/0pVDbAdMU0gt0NMUJ4PhYk,Sad
心酸（sodagreen in summer）,sodagreen,https://open.spotify.com/track/3i72YPSm7ADlCThKxntR1i,Sad
Heartbreak Holiday - Acoustic Version,MKTO,https://open.spotify.com/track/3MW9nyDJcJLgAtarJCNaMt,Sad
Heartbreak Ridge And New Hope Road - Live,Bill & Gloria Gaither,https://open.spotify.com/track/3tCyf8ivfKE2qOO2sC95fL,Sad
Heartbreak Hotel - MTV Pride Pier Dance 1999,Whitney Houston,https://open.spotify.com/track/31a2VIXt8pqUEscEV3xcSB,Sad
Heartbreak Hotel/Spoken Word - '68 Comeback Special,Elvis Presley,https://open.spotify.com/track/6T10ZIo3iGbV2LPV2BWjE6,Sad
"Heartbreak Hotel - Prince From Another Planet, Live at Madison Square Garden, 1972",Elvis Presley,https://open.spotify.com/track/0qGTo4LcuAyi2ihX76nGpJ,Sad
Heartbreaker - Clean Audio Version,will.i.am,https://open.spotify.com/track/71sRScWGTVQvl5RfgQctB3,Sad
Heartbroken - Roach and Garry Version,Roach Killa,https://open.spotify.com/track/1wE7LYbP71Adty7LOc1BDp,Sad
Big Energy Remix / Obsessed / Honey / Heartbreaker - Live at Global Citizens Festival,Mariah Carey,https://open.spotify.com/track/1IAzqmKtBmCB0MYIxANlui,Sad
Work Out,J. Cole,https://open.spotify.com/track/2wAJTrFhCnQyNSD3oUgTZO,Energetic
Workout With Sumit Parta Mashup,Sumit Parta,https://open.spotify.com/track/2cAtlBu2HOoAJS4Rz1ajov,Energetic
Workout Motivation,Ronnie Coleman,https://open.spotify.com/track/3dVHWp3HuDmuC7U3jFGeFk,Energetic
Workout Plan,Kanye West,https://open.spotify.com/track/2a1JSfTePKhysdIif2bzut,Energetic
Workout,JSL,https://open.spotify.com/track/0relNMArnXXkJx63Rv4rXZ,Energetic
The New Workout Plan,Kanye West,https://open.spotify.com/track/1Vp4St7JcXaUoJcIahtf3L,Energetic
Sultan - Workout Remix,Vishal-Shekhar,https://open.spotify.com/track/6ZJX3FWzXqGruGjqUXPFbg,Energetic
Ultimate Workout Anthem Non-Stop Mashup,Sachet Tandon,https://open.spotify.com/track/6XzS2jm9kpl74sqhh7nnQ0,Energetic
Work Out,Rainbow Kitten Surprise,https://open.spotify.com/track/1wQhpsuVJFxrvESjqUvlkt,Energetic
Jazba - Workout Remix,Salim–Sulaiman,https://open.spotify.com/track/45q2h2m2EW0nH3VYBVbTx2,Energetic
Punjabi Workout Mashup Vol-2,Sidhu Moose Wala,https://open.spotify.com/track/4dffVlSKpQhLqYQ7BFSHFo,Energetic
Workout,PRIMU$ PHONK,https://open.spotify.com/track/0tP98JLud8UGyCkUkRriqu,Energetic
Workout,Marc Brauner,https://open.spotify.com/track/0XBCDZ3hD3N4GoJce8Qzpt,Energetic
Vegeta Workout Motivation - HARDSTYLE,Bakrou,https://open.spotify.com/track/1JRjR5GRADwYlEqPbcDwef,Energetic
Pre Workout,Jordan Sandhu,https://open.spotify.com/track/0Ov71yacCGsGhHbFXwhKTo,Energetic
"Beast Mode (From ""Beast"")",Anirudh Ravichander,https://open.spotify.com/track/1aQ58u4guUf999iQX3J2HF,Energetic
Let It All Work Out,Lil Wayne,https://open.spotify.com/track/3BUWNzPWz2mDbptZmGEXpB,Energetic
2 of Americaz Most Wanted,Snoop Dogg,https://open.spotify.com/track/4gcL8Bmh2FWWgxmsJGV6S0,Energetic
Get Ready To Fight,Benny Dayal,https://open.spotify.com/track/3n1IbkZGIxwP27kiE3TKtP,Energetic
"Beast Mode (From ""Beast"")",Anirudh Ravichander,https://open.spotify.com/track/0kmEIbbAujegNwYpR0Was0,Energetic
Workout,Kes,https://open.spotify.com/track/3BlI8WbmqInpjM0z3k4L63,Energetic
"Beast Mode (From ""Beast"")",Anirudh Ravichander,https://open.spotify.com/track/3cWSJgtbzA6tjfb5Cm868V,Energetic
"Beast Mode (From ""Beast"")",Anirudh Ravichander,https://open.spotify.com/track/7MFkiQGd2HdY9nmjHA0nvh,Energetic
"Vaathi Kabaddi (From ""Master"")",Vidyasagar,https://open.spotify.com/track/7uMf1DQzEMqgJOSQgc5K2Y,Energetic
Beast Mode,Anirudh Ravichander,https://open.spotify.com/track/7L4L0LW4US8DrLx2L67I0F,Energetic
The Epic Walk,Ravi Basrur,https://open.spotify.com/track/71EZejWoGMAzJJ4x8lfzzN,Energetic
Porkanda Singam EDM Version (Additional Song),Anirudh Ravichander,https://open.spotify.com/track/0iJPMG79hgWnDHjufnoplb,Energetic
Kaththi Theme The Sword of Destiny,Anirudh Ravichander,https://open.spotify.com/track/49d0AMzgCtKk9uOayVvqMJ,Energetic
"Porkanda Singam (EDM Version) [From ""Vikram""]",Anirudh Ravichander,https://open.spotify.com/track/12LE4Omy9ze8xTOMofMVB3,Energetic
Dangal,Pritam,https://open.spotify.com/track/5Ry67OqwCxKbswCxcPHcg9,Energetic
Kodu Poatta,A.R. Rahman,https://open.spotify.com/track/6hhHkPSpwfkrmQXmBJn7Ii,Energetic
Karka Karka,Harris Jayaraj,https://open.spotify.com/track/3upcDCzLEHdBaul7nznzIm,Energetic
Gym,Harf Cheema,https://open.spotify.com/track/1eKGrFo50StoYKJGOJLEU1,Energetic
What Are You Waiting For,d4vd,https://open.spotify.com/track/7tpDUdHdHbRCqg5T1DQiKs,Energetic
Workout,DJ Craig Gorman,https://open.spotify.com/track/2a68xrYa3kxdyxKQkVuaJQ,Energetic
Workout,Andy C,https://open.spotify.com/track/5XH2T7g6s9b3tHFrxsWtcP,Energetic
Workout,Turbine,https://open.spotify.com/track/4ZKxyyyjyT9vDi8leF4rqT,Energetic
Workout,Rendez Vous,https://open.spotify.com/track/0b59YDhNMi8tIiSQWvCCe7,Energetic
Workout,Giraffage,https://open.spotify.com/track/6XGyBPInFB1M3BsZzTduHe,Energetic
Workout,Reli Beats,https://open.spotify.com/track/2vEZCfPZ6mKp1mXwljFUPR,Energetic
Workout,JaidynAlexis,https://open.spotify.com/track/0zqVUqHT2xBu84lQ7iN0Fl,Energetic
Workout,Ensi,https://open.spotify.com/track/3kBlfl2W2NjFTOBNLCe6TC,Energetic
Workout,Mall Grab,https://open.spotify.com/track/5PntfKy7mSIcG2K5RZXdCI,Energetic
Workout,Bigger Story Music,https://open.spotify.com/track/5E6Z4MURZ7iolpYAtKaLoe,Energetic
Gym,Siippyy Gill,https://open.spotify.com/track/0cJp93bd2GUrCBKIDtxRGR,Energetic
F45 (Pump It) - Official Workout,Eduardo Muchacho,https://open.spotify.com/track/6LXAg1FMd8C6Gj1hbG3ZSX,Energetic
Thani Oruvan - The Power of One,Hiphop Tamizha,https://open.spotify.com/track/5KhKH476zkjKxraMZIo6in,Energetic
Tubular Bells - 7: Nasal Chorus And Guitar Workout / Live 1979,Mike Oldfield,https://open.spotify.com/track/0uWe3hzrx8DJNxA2mUxUAu,Energetic
Baby Shark Workout,Pinkfong,https://open.spotify.com/track/3S3l2KnyxfvH4oGF929PXj,Energetic
Let's Get Physical Workout Video,Dua Lipa,https://open.spotify.com/track/7AsLd3k9KHCXDzlCGXmdpr,Energetic
Pump Up,Gur Sidhu,https://open.spotify.com/track/1O1E1lbobekZp3PHVqDAMl,Energetic
Pump Up,Soun Bwoii,https://open.spotify.com/track/0HHXvHhVBxKIYok6gLS9zf,Energetic
Pump Up The Jam,Technotronic,https://open.spotify.com/track/21qnJAMtzC6S5SESuqQLEK,Energetic
Pump up the Volume,M/A/R/R/S,https://open.spotify.com/track/60L8m3PCDp0cTytHjUe0qW,Energetic
Pumped Up Kicks,Foster The People,https://open.spotify.com/track/7w87IxuO7BDcJ3YUqCyMTT,Energetic
Pump It,Black Eyed Peas,https://open.spotify.com/track/2ygMBIctKIAfbEBcT9065L,Energetic
Pump Up The Jam - NightFunk Remix,Technotronic,https://open.spotify.com/track/6b5gaDGd1zlJtCM873Q23D,Energetic
Pump Up the Bass,Paul Velchev,https://open.spotify.com/track/4B49mRKQdSctgLmvqewXTP,Energetic
Pump Up The Jam,Laherte,https://open.spotify.com/track/4ksPwUFgqXopEItcz0sqEQ,Energetic
Pump Up The Volume!,PLAVE,https://open.spotify.com/track/34DtDWmIUacoop6Md298vE,Energetic
Pump It Up,Endor,https://open.spotify.com/track/6e2OwnkapOwUDfhz6AP9iC,Energetic
Pump Up The Jam - Hugo Cantarra Remix Edit,Technotronic,https://open.spotify.com/track/1lYnlzVo0DDUPjfqGJRggA,Energetic
Pump Up The Bhangra - Ram Jaane / Soundtrack Version,Bali Brahmbhatt,https://open.spotify.com/track/2RJIYbnW5S3VatWfEJlIfI,Energetic
Pump up the Jam,Crazy Frog,https://open.spotify.com/track/5am6UhpygesRlLeNqlqcv7,Energetic
Pump Up The Jam - Edit,Technotronic,https://open.spotify.com/track/0UAEHlFR79k9CJvknSGUNf,Energetic
Pump Up The Jam,Mat Frank,https://open.spotify.com/track/21lDAaUOp4DTnUBsLX99C1,Energetic
Pump Up The Jam - Techno,Da Brozz,https://open.spotify.com/track/2MrrqYFH7wVQdcK9itKYUn,Energetic
Pump Up The Jam,Gabry Ponte,https://open.spotify.com/track/2bazIDcL2XOCZE5rh58R7r,Energetic
Gal Notan Di,K.S Makhan,https://open.spotify.com/track/473mgckOpDRjJ2lGkIKwFf,Energetic
Pump It Up,Joe Budden,https://open.spotify.com/track/6AOGwXnlNqotnXdza8Rb7m,Energetic
Bloodline,K.S Makhan,https://open.spotify.com/track/1CkjmpV5HjJFfaV43euCla,Energetic
Pump Up The Bass,D'Angello & Francis,https://open.spotify.com/track/3iQAh7rg2thgBt1hm6rUca,Energetic
Vail Purane,HUSTINDER,https://open.spotify.com/track/4zGZkBz95A6ati63S64Bkk,Energetic
Piywa Pump Maro Hai,Raushan Rohi,https://open.spotify.com/track/1IZDDJGr5ZMFSk9rigVP9d,Energetic
Bro's,Dulla,https://open.spotify.com/track/5BV5ZGBjm0KSbciN8VUQle,Energetic
Tornado,Gur Sidhu,https://open.spotify.com/track/350hefmy8fLIrttIE2VErP,Energetic
Iceman,Gur Sidhu,https://open.spotify.com/track/0lu0MNaneFAc0jx5THg5wu,Energetic
Khauf - The Fear,K.S Makhan,https://open.spotify.com/track/7uZyQ8TvNhFjhmNlAXCZcY,Energetic
President,JERRY,https://open.spotify.com/track/1DfnN5DuxC927Gwh6W3Ob1,Energetic
Pumped Up Kicks - Live at Lollapalooza,Foster The People,https://open.spotify.com/track/46IE3UNA3tzknPONDa3UPm,Energetic
Punjab Wal Nu,HUSTINDER,https://open.spotify.com/track/1Qv3awph0oazuf0t9SJw6z,Energetic
Business,Gur Sidhu,https://open.spotify.com/track/7iU1ZT0cD11WQO6PI6ChdB,Energetic
Dhakk,K.S Makhan,https://open.spotify.com/track/6FQEJubuUXeKlQVJal8YYs,Energetic
Convo,Chinna,https://open.spotify.com/track/5vXDlXE3vNa3eA8E73jySm,Energetic
Soni De Nakhre,Wajid,https://open.spotify.com/track/4tBMbRwLJa5BjwJ6FrBlks,Energetic
Attitude,K.S Makhan,https://open.spotify.com/track/4kSLZA8w8mK9engWpqKJeB,Energetic
Pump It Up - Radio Edit,Danzel,https://open.spotify.com/track/0eMVfsENqZ42yZBrIXLUG0,Energetic
Pump It Up,Joe Budden,https://open.spotify.com/track/7tDbbfzB1d52lWP8rq8zRZ,Energetic
"Pump It Up (From ""Chance Pe Dance"")",Vishal Dadlani,https://open.spotify.com/track/27l3F1A2DXQJrM5tRQ84WL,Energetic
Pump It Louder,Tiësto,https://open.spotify.com/track/2yEHX6MqAXPyD7bm47A2Br,Energetic
Pump It Up,Vishal Dadlani,https://open.spotify.com/track/4HuUT7rzOHjN6ReLKDpoc5,Energetic
Pump It Up,Jakon Vedal,https://open.spotify.com/track/1OGx4UN3WKhCEvPFu5Joza,Energetic
Pumped Up,Klingande,https://open.spotify.com/track/3zz9eYWluKY5AsvtMXFL9K,Energetic
Pump It Up (Remix By Dj A-Myth),Vishal Dadlani,https://open.spotify.com/track/3K8y8axqsNCGhmOP31FPzk,Energetic
Pump It,Black Eyed Peas,https://open.spotify.com/track/4HuHoYjNcbGIHFpRVbRj2T,Energetic
Pumped Up Kicks,Lujavo,https://open.spotify.com/track/5xYhEx3dEmpIKZEw0ESKYh,Energetic
Pumped Up Kicks,Stayer,https://open.spotify.com/track/5IznKcz1Cn3MGXnaHy59NN,Energetic
Pump it Up - Jax Jones Midnight Snack Remix,Endor,https://open.spotify.com/track/2Y6erIOYifMVlbruGrHh2F,Energetic
Pump It Up,3 Are Legend,https://open.spotify.com/track/3UxjH53AszyqcyZnROMyU6,Energetic
Pump Up The Jam,D.O.N.S.,https://open.spotify.com/track/3PIhGPZ8PgqB36k46VGUDK,Energetic
Calm Down (with Selena Gomez),Rema,https://open.spotify.com/track/0WtM2NBVQNNJLh6scP13H8,Calm
Calma - Remix,Pedro Capó,https://open.spotify.com/track/5iwz1NiezX7WWjnCgY5TH4,Calm
Calm Down,Rema,https://open.spotify.com/track/6hgoYQDUcPyCz7LcTUHKxa,Calm
Calma,Pedro Capó,https://open.spotify.com/track/6aLJnupvPpT9HLv3xaUhe1,Calm
love nwantiti (feat. Dj Yo! & AX'EL) - Remix,CKay,https://open.spotify.com/track/4gvrJnKCKIPiacNsWVQwEU,Calm
Con Calma,Daddy Yankee,https://open.spotify.com/track/5w9c2J52mkdntKOmRLeM2m,Calm
Sapphire,Ed Sheeran,https://open.spotify.com/track/4Q0qVhFQa7j6jRKzo3HDmP,Calm
Despacito,Luis Fonsi,https://open.spotify.com/track/6habFhsOp2NvshLv26DqMb,Calm
Calm Brain,Brainy,https://open.spotify.com/track/3Ekd2JWxwDJw9O1nmq1gqP,Calm
Señorita,Shawn Mendes,https://open.spotify.com/track/0TK2YIli7K1leLovkQiNik,Calm
Calm Down,DJ Goja,https://open.spotify.com/track/28Y0lMcpwX7eZyMVfhbaUm,Calm
1 Hour of Soft Rain to Reduce Stress,Calming Rain,https://open.spotify.com/track/62mFjcWGkt2OY9LT9EvxS2,Calm
Calming River,Soothing Oasis,https://open.spotify.com/track/26udEXUy0ArsKgMbHUIote,Calm
YDWK,AFKAP,https://open.spotify.com/track/6UZl93PVAXH0cRGKGtLKt8,Calm
Calmness,Soothing Oasis,https://open.spotify.com/track/4RDUGJ8bVhETycG7aWG2Yi,Calm
No Lie,Sean Paul,https://open.spotify.com/track/48QmG1dfvMuYLxMPt7KSRA,Calm
Gasolina,Daddy Yankee,https://open.spotify.com/track/5YoITs1m0q8UOQ4AW7N5ga,Calm
CALMNESS,MVTRIIIX,https://open.spotify.com/track/0vmTJD7gEG1HtPUnmxHXfs,Calm
Levitating,Dua Lipa,https://open.spotify.com/track/39LLxExYz6ewLAcYrzQQyP,Calm
"Taki Taki (with Selena Gomez, Ozuna & Cardi B)",DJ Snake,https://open.spotify.com/track/4w8niZpiMy6qz1mntFA5uM,Calm
Calm,Govinda,https://open.spotify.com/track/3uHdKaAsG53vKxp5hKYxYU,Calm
love nwantiti (ah ah ah),CKay,https://open.spotify.com/track/2Xr1dTzJee307rmrkt8c0g,Calm
You Need To Calm Down,Taylor Swift,https://open.spotify.com/track/6RRNNciQGZEXnqk8SQ9yv5,Calm
Calm Down - Remix,Netto,https://open.spotify.com/track/7k6L5aDBfuCL4PGPXQt8Gz,Calm
Shape of You,Ed Sheeran,https://open.spotify.com/track/7qiZfU4dY1lWllzX7mPBI3,Calm
Cheap Thrills,Sia,https://open.spotify.com/track/27SdWb2rFzO6GWiYDBTD9j,Calm
Taki Taki,DJ Snake,https://open.spotify.com/track/20uYAdCEoIkSZStIfPW1TB,Calm
Calming Piano for Deep Focus,Study – Deep Focus,https://open.spotify.com/track/3hyBoIy38YUp05ATChhGms,Calm
Calma Calma,Bruderr,https://open.spotify.com/track/7BYU7T3uY7yIyrkJwr6vVu,Calm
TOP FLOOR SHiii,Yashraj,https://open.spotify.com/track/5PBLHkJ35cyzRHWN083JKM,Calm
Calm,Brainy,https://open.spotify.com/track/4U8ivupUadwLV2hOTrXutZ,Calm
Calm,Avery's Ambient,https://open.spotify.com/track/79QkpuDIB97QZXa01LpN85,Calm
Baby,Justin Bieber,https://open.spotify.com/track/6epn3r7S14KUqlReYr77hA,Calm
Soft Calming Music,Relaxing Music for Stress Relief,https://open.spotify.com/track/6xsOIolcDvXCHyJkpWJVuk,Calm
Baby Calm Down,Dj Rehan,https://open.spotify.com/track/4w1XgQRbM0jVSYfhDpghRz,Calm
Calm Down,Rema,https://open.spotify.com/track/2IwCg4vsBwWgbtSKnq38no,Calm
Teeth,5 Seconds of Summer,https://open.spotify.com/track/3NxWJWftvkstyxvb1pZlFo,Calm
Aashiyan,Pritam,https://open.spotify.com/track/7ttlemwytO21npSmLKqTBg,Calm
Calm Down (with Selena Gomez),Rema,https://open.spotify.com/track/1s7oOCT8vauUh01PbJD6ps,Calm
CALMA,Dante,https://open.spotify.com/track/7w6SYughhPm4NS6G9sRI3i,Calm
Calma,Pedro Capó,https://open.spotify.com/track/7eZaY6X4e2MkYvJgE3Ikx4,Calm
Tengo Que Calmarme - Unplugged,Pol Granch,https://open.spotify.com/track/0dUetG21TNPCzjGOyOCFOO,Calm
Calma Bebê,MC Vitinho Ferrari,https://open.spotify.com/track/2nVTCNkKbFh8FAeHTcWXJO,Calm
Calma - Session,Salvador y el Unicornio,https://open.spotify.com/track/06OMVxriSwl0VXTFwkaJbH,Calm
Calm Within Official Video,Ministry of Dark,https://open.spotify.com/track/2CyqFM2v5x0No642VOQhrQ,Calm
Calma (Official Video),JR Torres,https://open.spotify.com/track/4SS5qFw2TGcfhmEOgDduWN,Calm
Calma - En Vivo Desde La Trastienda,Pedro Capó,https://open.spotify.com/track/0mHMyZhDr8hIvqW3LheAYi,Calm
Calm Like a Bomb - from The Battle Of Mexico City,Rage Against The Machine,https://open.spotify.com/track/7v0Jajqp98VXOrJGt8kIBK,Calm
Calma Pueblo - Live from Austin City Limits,Residente,https://open.spotify.com/track/74rQMtXcWbHv4aSFT0wRSe,Calm
Calma - Remix - Premio Lo Nuestro 2019,Pedro Capó,https://open.spotify.com/track/3CekmWwwiQ0ThfUJ7gWjh9,Calm
Peaceful Skies,Soothing Oasis,https://open.spotify.com/track/4T317D8kCVdPbqmsUdDA89,Calm
Runaway,AURORA,https://open.spotify.com/track/1v1oIWf2Xgh54kIWuKsDf6,Calm
Peaceful Easy Feeling - 2013 Remaster,Eagles,https://open.spotify.com/track/40h65HAR8COEoqkMwUUQHu,Calm
Peaceful Krishna Flute Music,Khushi Bees,https://open.spotify.com/track/05rZjt6QFqHY3gdQXNFOrf,Calm
Peaceful Sleep,Lullaby Time,https://open.spotify.com/track/4hhwyBxns9O6XIDQzL7bvF,Calm
Peaceful Community Theme,VUA,https://open.spotify.com/track/7ugRZ01huESY0IdSWLgMW4,Calm
Peaceful Nights,Calmly,https://open.spotify.com/track/6NAvtppjAa8bYt3NKO85T5,Calm
Peaceful Passage,Soothing Oasis,https://open.spotify.com/track/18UjBDG1TiLotPs98x4zsf,Calm
Peaceful Moments,Calmly,https://open.spotify.com/track/15tCFBT3DvZH9d1jb8LQkD,Calm
Peaceful Way,Buddha's Flute,https://open.spotify.com/track/0t7Ml8fdEUTWiPPd9f68c7,Calm
Peaceful,Miracle Tones,https://open.spotify.com/track/1CJ7CdeVKlMucpQ2mgUqCZ,Calm
peaceful,Lil Leaf,https://open.spotify.com/track/385fgx1lcfPAypihGYYfTT,Calm
Peaceful Rest,Calmly,https://open.spotify.com/track/5ltLWtKrM9EzS7Vh8kWWiJ,Calm
Lord Krishna Flute Music - Relaxing Music,Subhash Jena,https://open.spotify.com/track/3SmShRrEHntp1w8JgQVTL3,Calm
Peaceful Dreams,Calmly,https://open.spotify.com/track/6GQFff8DRvetinRekpgCW3,Calm
Peaceful Dreams,Lucas Moon,https://open.spotify.com/track/7zXEDbQ5cHovYigjnmkYuf,Calm
Peaceful,Cafe Music BGM channel,https://open.spotify.com/track/1dHbzdhZy1iIogqGFhCbDj,Calm
Peaceful Nights,Michael Lavigne,https://open.spotify.com/track/7dOfS0OAxyCtxK2JlaK8cL,Calm
Peaceful Within,CreativeWaves,https://open.spotify.com/track/3i09o6Fix0JIxqFRINm4rl,Calm
Iktara - Lofi Flip,VIBIE,https://open.spotify.com/track/7JOFplrLQfYkuEcWCASZDo,Calm
Peaceful Naptime Melodies,Musiscape,https://open.spotify.com/track/6wOVTEdEbQrWhpmtV3R8jn,Calm
Peaceful Flow of White Noise,Klangspiel,https://open.spotify.com/track/591wpGDM2pd9yMTLFtOOBG,Calm
peaceful,Tooslo,https://open.spotify.com/track/2I10CGsTmyf7Tr6CHPJSxe,Calm
Peaceful,Krynoze,https://open.spotify.com/track/7MNC4BvFjl7o4AyR0iyJne,Calm
Peaceful,Intrinsic Flow,https://open.spotify.com/track/45Az6nD32tX4cITlzsHeZ0,Calm
Zara Zara - Lofi,Sanjay S Yadav,https://open.spotify.com/track/2EaT3sJycCa6lQ71mzL2gN,Calm
Peace Flute for Calm Spirit,Rupak Mukherjee,https://open.spotify.com/track/4ehPxYLJHe07H2FbwVcxtm,Calm
Peaceful Morning Krishna's Flute,krishna's flute,https://open.spotify.com/track/4QnsbXf30NFJifgVxb81Sy,Calm
Achutam Keshvam,Manisha Saini,https://open.spotify.com/track/24sEsB0FVUgeuu67YOJZ9L,Calm
Peaceful Vibes | Krishna Flute,krishna's flute,https://open.spotify.com/track/4atOAfe9YSg7rKYFkcevaD,Calm
Peaceful Bells,Music Body and Spirit,https://open.spotify.com/track/3sT1FvNOZl1NMJLgZvwKhT,Calm
Peace of Mind,Seedhe Maut,https://open.spotify.com/track/6RvLHu3H8WHLAZluQSPRJY,Calm
Peaceful heart Krishna Flute,krishna's flute,https://open.spotify.com/track/00VMtFDjY6MsEDUcbaRvO6,Calm
Peaceful Focus - with water sounds,JESSE,https://open.spotify.com/track/2CnWB6kDQOovyICUw2TjKE,Calm
Peace Lily,Aarya,https://open.spotify.com/track/1SASOKMlkabWVo1SwZdzDA,Calm
Calm Oasis Relaxing Flute,krishna's flute,https://open.spotify.com/track/4i84SPwZGNORPiVFj2tYF8,Calm
Peace & Harmony,Rahul Sharma,https://open.spotify.com/track/6bMM8EO0e92d4E0XshNrB7,Calm
Peaceful Morning,Kyūka,https://open.spotify.com/track/3f0167WXUvvJrePUIzMOnd,Calm
Peaceful Ghost,Salvador,https://open.spotify.com/track/0xHlJoGrK2vxMT4rBOGqy5,Calm
sun of ray Peaceful Morning,krishna's flute,https://open.spotify.com/track/3NrfTUhWL4xNbFNYhu04Ej,Calm
Peaceful,Daniela Mlčúchová,https://open.spotify.com/track/4Iy5HqnJJtpfzXJy2vUo0g,Calm
Peaceful,loonight,https://open.spotify.com/track/3PGalb3V5IjnCDMuhVOwrj,Calm
Peaceful,Slow Eyes,https://open.spotify.com/track/39PBTQOTNdjSprl4ms6SuW,Calm
Peaceful,Thomas Lemmer,https://open.spotify.com/track/3LZqcj3mJMQ25KMlZcXIBp,Calm
Peaceful,Relaxing Nation,https://open.spotify.com/track/6gSXu9D9zi0cFgLHAkMTed,Calm
Peaceful,Instrumental Worship Collective,https://open.spotify.com/track/3wMAGb04iUbKYys4OZ0Flc,Calm
Peaceful,Joanne Robertson,https://open.spotify.com/track/5xTYirMUu0N4nGGzxfbkik,Calm
Peaceful Days,Zensimila,https://open.spotify.com/track/4avXMjuwkZhSWxRKsY4nUH,Calm
Peaceful Life - Live,Punkband,https://open.spotify.com/track/43VWVzmhaMfGPnz6cDdugF,Calm
Mariposa - Live Performance from ReCreate,Peaceful Gemini,https://open.spotify.com/track/2RN3F19EdaSf0NV7MgN6Jg,Calm
Stress Relief,late night drive home,https://open.spotify.com/track/7xLfmCx9jcZNgzlIK7NupN,Stressed
Stressed Out,Twenty One Pilots,https://open.spotify.com/track/3CRDbSIZ4r5MsZ0YwxuEkn,Stressed
432 Hz Relieve Stress,Feed Your Soul,https://open.spotify.com/track/0vtp6L7PjGRNfbNefNWpjc,Stressed
Stress relief frequency - Overcome from stress instantly,Medi Tuner,https://open.spotify.com/track/4TLyyVDfo01t7R6Xy3fMre,Stressed
Headache & Migraine Relief Relaxing Music,Vastu Meditation,https://open.spotify.com/track/175RURvceh0q9AWID8O0jF,Stressed
Reduction of Stress,Brain Power Academy,https://open.spotify.com/track/1A0trkTKUyXl0Ppb9zIEvY,Stressed
Stress Relief Meditation Music,Medi Tuner,https://open.spotify.com/track/5bWKqsBwumH5fZsG8dkK78,Stressed
Stress Relief,Boone self meditation,https://open.spotify.com/track/1tAUy1lNSql3lMqDLCOuEt,Stressed
Stress Relief,432 Zen,https://open.spotify.com/track/6hc329D9bgoaN4tfzqU4ms,Stressed
Harvey,Her's,https://open.spotify.com/track/1zFbBrZmJr1Z49HYe84dBg,Stressed
Stress Relief,Calmly,https://open.spotify.com/track/4LW6MToYfDgRhBuTthGy2x,Stressed
Stress Relief,Dan Kraus,https://open.spotify.com/track/3DV4B4YMjJBOcjGxBEYR9P,Stressed
Stress Relief,Dan Kraus,https://open.spotify.com/track/2kvsn3jlIyzDPd0eNvPSoQ,Stressed
"Dua for Stress, Anxiety, Depression",Quran for Heart,https://open.spotify.com/track/7g0gPD3NVhI8ZCwSV5zkO2,Stressed
1 Hour of Soft Rain to Reduce Stress,Calming Rain,https://open.spotify.com/track/62mFjcWGkt2OY9LT9EvxS2,Stressed
Stress Relief,Echo LUX,https://open.spotify.com/track/4KlFgwE6QZwJER5DhRxaBZ,Stressed
Stress Relief (with G Herbo),Ann Marie,https://open.spotify.com/track/7GsiWWr0TlgnehdkgAg3Yq,Stressed
528 Hz Immediate Stress Relief,Healing Miracle Frequencies,https://open.spotify.com/track/2PX3nybdJ4ezCaLTlCQ956,Stressed
Quran for Stress Relief,Quran,https://open.spotify.com/track/5uTXqv8nSOb0Dwy77YFw56,Stressed
Ruqyah for Stress Relief,Quran,https://open.spotify.com/track/2bimPIPdMu9pe06rkuRQcU,Stressed
Stress Relief,St Spittin,https://open.spotify.com/track/4AcIJIvZ0BXzqqxF4Trk8A,Stressed
Stress Relieving Sounds,Hidden Baltic Waves,https://open.spotify.com/track/0YbufbfIS8GR6UHPHYvkPW,Stressed
417 Hz Stress Relief,Mindly,https://open.spotify.com/track/3cDMejyz37gXoit7NUQvRh,Stressed
Stress Relief 396 Solfeggio,Solfeggio Frequencies Sacred,https://open.spotify.com/track/7dBfWMZQufmu3ADT94S1EC,Stressed
Stress Relief Darood,Riad Nasheeds,https://open.spotify.com/track/6bGVpmokbfFWSjQexhFjN9,Stressed
174 Hz Stress Relief,Silas Tranquilmind,https://open.spotify.com/track/1gNuBgyQK79qr0WS2wpoJu,Stressed
Stress Relief Music for Dogs – Comfort and Calm,Calm My Dog,https://open.spotify.com/track/1mP3Q31oVZWFMP1Lu7JwgD,Stressed
Stress Release,Natural Healing Music Zone,https://open.spotify.com/track/1ecfHYgWrzRZy3ddn08gBk,Stressed
Stress Relief Oceanic Soundscape,Ocean Sounds,https://open.spotify.com/track/7GUsBOVfcVVetVEPotP8t8,Stressed
Stress Relief with Rain Sounds,Rain Fruits Sounds,https://open.spotify.com/track/7IUIq3GvkbfVIJIWfC1zlk,Stressed
174 Hz Pure Stress Relief,Silas Tranquilmind,https://open.spotify.com/track/1EPzn35k8NSUngvOQiuvgx,Stressed
432Hz Stress Relief,frequenciesabovezero.,https://open.spotify.com/track/47fvvSWgg5KrwwnZpg8zPE,Stressed
396 Hz Relieve Stress And Anxiety,Feed Your Soul,https://open.spotify.com/track/78KQg35OzdbHYgTETCwNjG,Stressed
Stress Relief - 174 Hz,Solfeggio Frequencies,https://open.spotify.com/track/5KdmtgWCJgZpqFkmBdMwV0,Stressed
Stress Relief Frequency,Solfeggio Flow,https://open.spotify.com/track/7wav8HaavwRxjLfNrZsSal,Stressed
Stress Reduction,Brain Waves Therapy,https://open.spotify.com/track/0ycL2AkwpVrG8dblxraHVv,Stressed
powerful stress releif subliminal,Betterlife_subliminals,https://open.spotify.com/track/5QnKPvPNuZqlTr9FYbywqH,Stressed
Relieves Stress,Chakra Healing Music Academy,https://open.spotify.com/track/7II5tG7X9TVev0yaxOubSX,Stressed
741 Hz Stress Relief Cleanse Anxiety and Inner Conflict,Emiliano Bruguera,https://open.spotify.com/track/00TYdYJORmRCMT42TfnlbH,Stressed
Dog Deep Sleep and Stress Relief,Relaxing Dog Club,https://open.spotify.com/track/4vGX8cXehKRKXiHBRuoLl8,Stressed
432 Hz Relieve Stress,Celere Tones,https://open.spotify.com/track/518S9VMvffbhByTQOG6nNS,Stressed
Reduce Stress,Doctor Tones,https://open.spotify.com/track/5SLTl1VgxHYaNydoHXsjuD,Stressed
The Sound Of Inner Peace - Relaxing Music For Meditation Zen Yoga And Stress Relief,Medi Tuner,https://open.spotify.com/track/0FTQA1betfA3xggzKcz3fP,Stressed
4 Hz Stress Relief Meditation (Theta Waves),Aria Seraphinas,https://open.spotify.com/track/6hEMvMBRlbXTKtfBzrZkKe,Stressed
Overcome Stress,Hz Frequency Zone,https://open.spotify.com/track/1Ij7Fygvqm6ferWz8lWbAy,Stressed
432 Hz Relieve Stress,Celere Tones,https://open.spotify.com/track/4urjDpYgdxcClCmr1HV5pg,Stressed
432 Hz Relieve Stress,Celere Tones,https://open.spotify.com/track/3s1qBps6sTwv8x50WZjvXO,Stressed
Calm Your Stress,Calmly,https://open.spotify.com/track/7xwalFclTCBfg77vZtQl4v,Stressed
Healing Music for Stress Relief,Natural Healing Music Zone,https://open.spotify.com/track/3w9SG7fDH03ZCMhnGcnMXC,Stressed
432 Hz + 4 Hz Stress Relief,Music Body and Spirit,https://open.spotify.com/track/7bupGvoV83l4HEk8vWzqbI,Stressed
FOCUS,Hearts2Hearts,https://open.spotify.com/track/6jYiHr12NVKLzn0X7K8aSK,Stressed
Focus,Ariana Grande,https://open.spotify.com/track/1cdzfFjEbUbgTm5nv3FgXR,Stressed
Focus Fuel,Brainy,https://open.spotify.com/track/4Ltkr98PyFCUzf3hujCdcb,Stressed
3 Hour Study Focus Music,SPIRIT ENERGY VIBE,https://open.spotify.com/track/7xIPsXmUBhtcv8Txt3X1r2,Stressed
Focus (feat. CLOVES),John Summit,https://open.spotify.com/track/0xaXwvcjq7aAKwMKe22Bw7,Stressed
Focus (feat. 21 Savage),Bazzi,https://open.spotify.com/track/2FqqVHvC4eKrsk97vpMRid,Stressed
Focus On Noise,Historic Site,https://open.spotify.com/track/01MV13Hg9sfFNtgcMidjgE,Stressed
Focus,H.E.R.,https://open.spotify.com/track/3tZs3nVjySLbL320lP4mvs,Stressed
Focus Waves,Gamma Ism,https://open.spotify.com/track/3x0EoMEp16dyEcraUR1beL,Stressed
Focus,ITZY,https://open.spotify.com/track/6TGc4ONEDJzd5872yDDIYz,Stressed
Focus Noise,Likko Sol,https://open.spotify.com/track/0ONrfTPB8dvQf8ZcQCSHTm,Stressed
Focus Your Mind,Study Music Library,https://open.spotify.com/track/3pgg9tHf2mWcUdbwDe78Oc,Stressed
Focus To Rain Sound,Storm Machine,https://open.spotify.com/track/1Zlgk780ReXjity59pzdWB,Stressed
Focus,Charles Leclerc,https://open.spotify.com/track/6GygzQ98i5iORNo45s5KwF,Stressed
Focused By The Brown Noise,The BD Noise Maker,https://open.spotify.com/track/6KEZNs5EufCISwyvunRcQN,Stressed
Focus (feat. CLOVES) - Alok Remix,John Summit,https://open.spotify.com/track/2DOUbOh1k3n9Ek6Eur61K4,Stressed
"Focus, Study Music for Concentration, Deep Focus Music",Greenred Productions,https://open.spotify.com/track/2CATJYdM6FfW4awr0fn7Tz,Stressed
FOCUS!,Fake.Luca,https://open.spotify.com/track/1poKazqR8pHHG4ozFuUqDe,Stressed
Focus On You,Freaky DJs,https://open.spotify.com/track/3T8IWB9fsIdEiA23biNl0Z,Stressed
FOCUS ON ME,Chase Shakur,https://open.spotify.com/track/3MegwlkxGUNYjBQuh5hJIQ,Stressed
3 Hour Alpha and Gamma Study Focus Music,SPIRIT ENERGY VIBE,https://open.spotify.com/track/6B0AoqR7eVUsXIw00TybTU,Stressed
Focus On Myself,DEV,https://open.spotify.com/track/5Ri5nDkAlIz12CRQx4pxGN,Stressed
FOCUS ON ME,Jus2,https://open.spotify.com/track/48oPOxN4MwjqXAkkzDC5EB,Stressed
Focused Sedated,Seedhe Maut,https://open.spotify.com/track/25w1dDASLBPQPmUDXPjPdX,Stressed
Focus,Talwiinder,https://open.spotify.com/track/1jATrwFjNEgUD85IAdNQiy,Stressed
"Study Music, Concentration Music for Studying, Focus Music for Productivity",Greenred Productions,https://open.spotify.com/track/1PCrNjQkG1yRuYa3WDudi1,Stressed
Focus,Brainy,https://open.spotify.com/track/1IAfqavbIFSkGqgzc5CBqo,Stressed
1 Hour of Soft Rain to Reduce Stress,Calming Rain,https://open.spotify.com/track/62mFjcWGkt2OY9LT9EvxS2,Stressed
40 Hz Focus Frequency,Miracle Tones,https://open.spotify.com/track/6b5mdCKyPveuHjUMaCcxPt,Stressed
Focused (feat. Young Thug),Quavo,https://open.spotify.com/track/3fX6IqwpcIYjyJwQFdJF8c,Stressed
Focus,Badshah,https://open.spotify.com/track/6LnyVQLlu4GAVREyLAoEq8,Stressed
Focus,Sukh-E Muzical Doctorz,https://open.spotify.com/track/14JxMsF1izQb1uYce5cX4O,Stressed
Pure Focus,Brainy,https://open.spotify.com/track/4IPjQ3X8SYhKQReFJGG1SI,Stressed
Limitless Focus,Brainy,https://open.spotify.com/track/348T2tkqFnDlTKznZ9SHwb,Stressed
Study Focus Loop Noise (Loopable no fade),Dream Supplier,https://open.spotify.com/track/6lttU0emvX9H760LsC2y2K,Stressed
Focus,Jassimran Singh Keer,https://open.spotify.com/track/702ZmdQTxqSpqbiIw95GmC,Stressed
focus,de8hawn,https://open.spotify.com/track/7gG8ycpELUu7tLygRdxqqG,Stressed
Focus,Emiway Bantai,https://open.spotify.com/track/7JFaRNrpNjwxHkM8VhIiqr,Stressed
40 Hz Deep Focus,Miracle Tones,https://open.spotify.com/track/2Umf3B7gYhkocbveXW35Ui,Stressed
Focus On Me (All The Sexy Girls In The Club),Darkoo,https://open.spotify.com/track/7JMkjelaEgUOdV7926uzGi,Stressed
Confident,Justin Bieber,https://open.spotify.com/track/3JsydWaf2Ev4ehaLUjj3SY,Stressed
CLEARED - Remix,Lilithzplug,https://open.spotify.com/track/54L7uacUGRkvoLokUlNWfH,Stressed
40 Hz Focus,Brainy,https://open.spotify.com/track/676PS8qp1LoNpI9kU8qlbW,Stressed
Focus,Daikatana,https://open.spotify.com/track/1Uan1G7zwUl6mZRh6M5HfA,Stressed
The 5 Browns: In Focus,The 5 Browns,https://open.spotify.com/track/6ZTXCmQgYlGwH9B6xLPj5Z,Stressed
FOCUS,Mariana Velletto,https://open.spotify.com/track/3HqVdRcODjEnYeEBvNPKky,Stressed
FOCUS,DAHEE,https://open.spotify.com/track/1eVQGlu8zXpdxN4gAZz4Ou,Stressed
Ready To Fly - Hardcore Mix / Live From The Warehouse Project,Sub Focus,https://open.spotify.com/track/5hPsAUrJk4So1O2wKnCnR9,Stressed
Hard 2 Focus,Peezy,https://open.spotify.com/track/1FfIe4GMcPcSqoOwihWWAU,Stressed
Focus / Tag am See - Live,Florian Christl,https://open.spotify.com/track/6bnTwPteCgkYEMTpf36ivo,Stressed
Lofi Lovee,Ved Sharma,https://open.spotify.com/track/6rPDrn83Edjzk3MCwRIoBI,Relaxed
Lo Fi No Lyrics Music,Lo Fi Hip Hop,https://open.spotify.com/track/23ZArgJyzjrMe1cgNTdZrV,Relaxed
Mozart Effect,Study Music Project,https://open.spotify.com/track/5HOxy6bdXrKJmWkZ4yNSVj,Relaxed
Lofi Hip Hop Instrumental Chill Beats Music,Lofi Only,https://open.spotify.com/track/72javxKptIWosgDQispVnt,Relaxed
Lofi Hip Hop,Soft boy,https://open.spotify.com/track/5CjZOM5FiT3UllJArI7jqz,Relaxed
Raanjhana Ve (Lofi Mix),Lofi Mix,https://open.spotify.com/track/6oS2wDO6YzhM05X7aq4zgy,Relaxed
Lofi music for studying,Lofi Only,https://open.spotify.com/track/1Rpt0QjnTt2uy0gcqEWaVh,Relaxed
Jeene Laga Hoon (Lofi Mix),Atif Aslam,https://open.spotify.com/track/6otk6bUVXgXsBCygldOoDa,Relaxed
lo fi music,LOFI BEATS,https://open.spotify.com/track/4yV8BI3h94j8obQTL8Yn01,Relaxed
Binaural Beats For Studying,Binaural Beats Study Music,https://open.spotify.com/track/0cs5hF9tyFE8T9OrqCUvHy,Relaxed
Zara Zara - Lofi,Bombay Jayashri,https://open.spotify.com/track/7JGgKHHDgJCJkQCQxyHHdl,Relaxed
Safar (Lo-fi),Juss,https://open.spotify.com/track/2BmGwRADFOpucV8BmHpDwB,Relaxed
Kabira - Lofi,TanuX,https://open.spotify.com/track/5iTUw27nWFC0U97cbRgRow,Relaxed
Love Mashup 2024,Arijit Singh,https://open.spotify.com/track/12TuIypC6Im9HYL2zNd4HD,Relaxed
Iktara - Lofi Flip,VIBIE,https://open.spotify.com/track/7JOFplrLQfYkuEcWCASZDo,Relaxed
Ve Kamleya - LoFi,Deepanshu Ruhela,https://open.spotify.com/track/56KxZMulGjsHVq1w3aiXqR,Relaxed
Teri Deewani - Lofi Flip,Kailash Kher,https://open.spotify.com/track/0Bfima51LTKrxuBYjv0Qwp,Relaxed
Bajrang Baan-Lofi,Rasraj Ji Maharaj,https://open.spotify.com/track/3xgA3KSsd8mt3UjQxNtQy3,Relaxed
Saiyaara - LoFi Mix,Sohail Sen,https://open.spotify.com/track/3kZOn4HmRRZo4ac24nK1L7,Relaxed
Main Rang Sharbaton Ka (Lofi Mix),Atif Aslam,https://open.spotify.com/track/11na2yXOmMbkUL8f5j6vxZ,Relaxed
Falak Tak - LoFi Mix,Udit Narayan,https://open.spotify.com/track/7EcRb9AkOSRXdTFAlKt5Vy,Relaxed
Hawayein - Lofi Flip,VIBIE,https://open.spotify.com/track/5w1MhmSc5S5iHnhy4s3fFb,Relaxed
Teri Ore (Lo-Fi Flip),VIBIE,https://open.spotify.com/track/05R5NzVM92huBXaszuXSZH,Relaxed
Samjhawan - Lofi Flip,KSW,https://open.spotify.com/track/1KPAtV3E11Y3pbnzUOtO0d,Relaxed
"Non Stop Lofi Love Mash Up, Vol. 3","Hariharan, Swarnalatha, Kumar Sanu, Sapna Mukherjee, Lata Mangeshkar, Aamir Khan, Alka Yagnik, Arijit Singh, Atif Aslam, Shreya Ghoshal, Udit Narayan, Sadhana Sargam, Anuradha Sriram, Sujatha, Sonu Nigam, A. R. Rahman & Sukhwinder Singh",https://open.spotify.com/track/0gzJ5m7leHTxYsMonYQi0F,Relaxed
Kahani Suno 2.0 - LoFi,Troy Grove,https://open.spotify.com/track/1yjaELwmP8RzSzAVmkzpPB,Relaxed
Kamli - Lofi Mix by Deepanshu Ruhela,Sachin-Jigar,https://open.spotify.com/track/5crqXzz2pf3boMuX3fkaZa,Relaxed
Zaroor,Aparshakti Khurana,https://open.spotify.com/track/5thVzD79BxlDTYy0LfHzvu,Relaxed
Gundagarh - LoFi,Masoom Sharma,https://open.spotify.com/track/7DAPwjJiD0biHjaoNUJt0l,Relaxed
Subhanallah Lofi Mix,Pritam,https://open.spotify.com/track/1pnC5d46tqFwjqGtbjJPn7,Relaxed
"Agar Tum Saath Ho (From ""Tamasha"")",Alka Yagnik,https://open.spotify.com/track/2FCXQHugkoHE1K3tiDu8pu,Relaxed
Ilahi Lofi Mix,Pritam,https://open.spotify.com/track/0GucA3qLWxJU6Peffg3yHD,Relaxed
Kesariya - Lofi Flip,VIBIE,https://open.spotify.com/track/7nsjBUVRQTUEvCReXAtVPi,Relaxed
Shayad - Lofi Flip,VIBIE,https://open.spotify.com/track/0s8Ht3XaHDQuDjLnK3xVMW,Relaxed
Ranjha - Lofi Flip,VIBIE,https://open.spotify.com/track/7vwTvVDpsONocB0zr8ShtJ,Relaxed
Mere Dil Ko Qarar Aa Jaaye Lofi Mix,Udit Narayan,https://open.spotify.com/track/4Ha4wDJcEQL1VKWA5GuAvv,Relaxed
Tu Jaane Naa (Lofi Mix),Atif Aslam,https://open.spotify.com/track/0ThEdqK8ZBi4nKNs1fOpJD,Relaxed
Hote Hote Pyar Ho Gaya Lofi Mix,Alka Yagnik,https://open.spotify.com/track/6HrmvgviriCVX9f7vCGJAD,Relaxed
Darasal Lofi Mix,Atif Aslam,https://open.spotify.com/track/2f7zO0rjaIcGO9Nf0nwL8S,Relaxed
2 Khatole (Lofi Mix),Masoom Sharma,https://open.spotify.com/track/22ZIAjVRJTjYj5EwD0MjEJ,Relaxed
Hasi - Lofi Flip,KSW,https://open.spotify.com/track/4jQkn21WCZ7g1NS2wMQeoi,Relaxed
Baarishein,Anuv Jain,https://open.spotify.com/track/3WLJ7D5kh44K5eJ1NqZQ6W,Relaxed
"Aur Kitni Door (From ""Sniff"") - Lofi Mix",Mujtaba Aziz Naza,https://open.spotify.com/track/5VE2aTNBiAgg9yFjr1a8JU,Relaxed
Saibo - Lofi Flip,VIBIE,https://open.spotify.com/track/1E16f7KcZmuXuhlenRwA2m,Relaxed
"O Saathi Re (From ""Omkara"") - Lofi Mix",Vishal Bhardwaj,https://open.spotify.com/track/2XKCIr4fDlLtk6af41hluA,Relaxed
"Beete Lamhein Lofi Mix (From ""The Train"")",KK,https://open.spotify.com/track/1xG1QiQtFbLudhJ8Q1edl7,Relaxed
"Mann Mera (From ""Table No. 21"") - Lofi Mix",Gajendra Verma,https://open.spotify.com/track/5SOEZBZ8jjDviLeOrF13Zp,Relaxed
"Kinara (From ""Aisa Waisa Pyaar"") - Lofi Mix",Sid Paul,https://open.spotify.com/track/7aTZ2RZ5sDht0ajj05zMxi,Relaxed
"Tera Chehra (From ""Sanam Teri Kasam"") - Lofi Mix",Himesh Reshammiya,https://open.spotify.com/track/4rEYuYwWwQhFxGwoHGYJvr,Relaxed
Grey Wala Shade - Lofi Mix,Various Artists,https://open.spotify.com/track/5OfwRT4ISHDQO5NUe18N9O,Relaxed
Relax My Eyes,ANOTR,https://open.spotify.com/track/5u4hhtZ7f4rWkMZEZcTKrH,Relaxed
Relaxed Scene,James Clarke,https://open.spotify.com/track/7oZMxikk5ISnp4pDjwtvQ7,Relaxed
"Relax, Take It Easy",MIKA,https://open.spotify.com/track/0KM2y796j63t5RHhvRUxld,Relaxed
Relaxed,MC Mablo Dos Paredões,https://open.spotify.com/track/67q9y56ZUtZ6TG4JfZG2k7,Relaxed
Relax and Take Notes (feat. The Notorious B.I.G. & Project Pat) - 2016 Remaster,8Ball & MJG,https://open.spotify.com/track/3r0Ked7MfrjKb139ukrz6F,Relaxed
Relax Shiva,Red Axes,https://open.spotify.com/track/6bU5V5LKTHjFB9LvJaH0xH,Relaxed
Headache & Migraine Relief Relaxing Music,Vastu Meditation,https://open.spotify.com/track/175RURvceh0q9AWID8O0jF,Relaxed
The Relaxing Study Tune,Study – Deep Focus,https://open.spotify.com/track/01Pm7DyFo2KCgkKRqZzFoc,Relaxed
Soothing Relaxation,Peder B. Helland,https://open.spotify.com/track/0kbBGodkSvTkiwSFMYgRNE,Relaxed
1 Hour of Soft Rain to Reduce Stress,Calming Rain,https://open.spotify.com/track/62mFjcWGkt2OY9LT9EvxS2,Relaxed
Mood - Lofi,Yagih Mael,https://open.spotify.com/track/6v8mSl4GZXok3Ebe9x4Jmr,Relaxed
Write This Down,SoulChef,https://open.spotify.com/track/4P1FCiBFxm9b8GDhL65xqg,Relaxed
Relaxing Sleep,Lullaby Time,https://open.spotify.com/track/4uHLpzFvlbvvTVfPZUUD7J,Relaxed
Relaxing Music For Study (3AM Study Time),Dopamind,https://open.spotify.com/track/6a6EVcOcZVNBQUdXFguMMK,Relaxed
Dead Wrong (feat. Eminem) - 2007 Remaster,The Notorious B.I.G.,https://open.spotify.com/track/6SMrWEWukd0DWh5iHGWgks,Relaxed
Relax Shiva - Extended,Red Axes,https://open.spotify.com/track/0SXF8cUAN2BAoy8Xrf0I9A,Relaxed
Relaxing Tones,PianoDreams,https://open.spotify.com/track/5fq4DHy94aXUkYrSf4BJl8,Relaxed
Relaxing Brown Noise 256 Hz Smooth Q,Jane Color,https://open.spotify.com/track/1gwLjpvAbu6IVmVdAfPJ0G,Relaxed
Relaxing Sleep,Mrbroken,https://open.spotify.com/track/6jJN3NEcLjYfmjKcyiTGbi,Relaxed
Relaxing Brown Noise,Bits & Noise,https://open.spotify.com/track/76jlu6pr45PmRDeZirYVJk,Relaxed
Relax My Eyes - Afro House,Sunrize,https://open.spotify.com/track/1oxN8CAiEaebffiFjKcyyn,Relaxed
Lord Krishna Flute Music - Relaxing Music,Subhash Jena,https://open.spotify.com/track/3SmShRrEHntp1w8JgQVTL3,Relaxed
Relaxing Raindrops for Kids Sleep,Musiscape,https://open.spotify.com/track/1K20aWE1hKKY1uZ3FzVXew,Relaxed
Relax with Me,PARTYNEXTDOOR,https://open.spotify.com/track/2aB3eXzbt6a5ueOV2zfciT,Relaxed
Perfect Natural White Noise as a Relaxing Ambient Sleep Aid (Nice Lullaby),White Noise Baby Sleep,https://open.spotify.com/track/26SAfHmtlIP2pZVASwtloc,Relaxed
Relax,Vacations,https://open.spotify.com/track/5TuTHrKzN6NweeQaKkBNb7,Relaxed
Relax,POST02,https://open.spotify.com/track/5kPa5SI8myingwGKN0pKGF,Relaxed
Relax,Frankie Goes To Hollywood,https://open.spotify.com/track/5WJ92b9eMC0xZ7BaukU1E4,Relaxed
Relax,Deepest,https://open.spotify.com/track/0g30Wsmd7yshS7762iWdVv,Relaxed
Relax my eyes - remix,SVNTOS,https://open.spotify.com/track/7bycWHHcqKTqVklrhE8BzH,Relaxed
Relaxed - Sped Up,MC Mablo Dos Paredões,https://open.spotify.com/track/0nkaFEJ2iF3zxE3n7FQIuK,Relaxed
Relaxing Study,Study – Deep Focus,https://open.spotify.com/track/4R3X6WkDxQWe2D36Xh4PzF,Relaxed
Dil Tu Jaan Tu (Female Version),Arunima Sharma,https://open.spotify.com/track/3W4UJM65swZgLifMu7DxPf,Relaxed
Na Tum Jano Na Hum,Lucky Ali,https://open.spotify.com/track/4Wl0ImhFB4UZb92KsK6iqG,Relaxed
Aashiyan,Pritam,https://open.spotify.com/track/7ttlemwytO21npSmLKqTBg,Relaxed
Ja mei (ZDF Hitparade 28.3.1983) - VOD,Relax,https://open.spotify.com/track/2mvLaT4MKYpH0LG4bGxnr9,Relaxed
Relax & Chill,PARK BYEONG HOON,https://open.spotify.com/track/7yTWB5KADsoChh2z1YRYk3,Relaxed
"Buona Sera, setz' die her'a (ZDF-Fernsehgarten 11.8.1991) - VOD",Relax,https://open.spotify.com/track/5pZbJsbA2oJyiFayVFiwTS,Relaxed
Bleib heut' Nacht bei mir (ZDF Hitparade 18.12.1985) - VOD,Relax,https://open.spotify.com/track/343HkuBTEfUJStW7YeMhEw,Relaxed
Du bist genau was i will (ZDF Hitparade 26.6.1985) - VOD,Relax,https://open.spotify.com/track/5G5B7sx63FmpmBiNSYBpMA,Relaxed
Marie (ZDF Hitparade 19.12.1983) - VOD,Relax,https://open.spotify.com/track/2dKZgSOlVRG5taX14xS2ie,Relaxed
"Hey Du, i hab' Di so narrisch gern (ZDF Hitparade 5.8.1993) - VOD",Relax,https://open.spotify.com/track/3Pn72adXiybgF3Hl73YdPQ,Relaxed
Heut' geh' ma net hoam (ZDF Sommer-Hitparade 17.7.1986) - VOD,Relax,https://open.spotify.com/track/5rNLZSYM3yvHAbrZjaE1Xt,Relaxed
Oh Rosita (ZDF Hitparade 30.6.1984) - VOD,Relax,https://open.spotify.com/track/2bU5k4Gasu3FEGHyRxDkSK,Relaxed
Ein weisses Blatt'l Papier (ZDF Hitparade 23.1.1985) - VOD,Relax,https://open.spotify.com/track/1omZWH6twXCyS2Ig8x777v,Relaxed
Cool Relax,Jon B.,https://open.spotify.com/track/6vh7X3IVNAu6gZMlWzGIXE,Relaxed
Weil i di mog (ZDF Hitparade 4.10.1982) - VOD,Relax,https://open.spotify.com/track/1Cdw6lFfe6AQyhQuTgWPMC,Relaxed
Du hast mein Herz in der Hand (ZDF Tele-Illustrierte 20.1.1987) - VOD,Relax,https://open.spotify.com/track/3gX0jPYtQ86HqLEyhA9ssl,Relaxed
Relax - Live on Top Of The Pops / 1984,Frankie Goes To Hollywood,https://open.spotify.com/track/14TAA7xgiLwK6azxoXJf5t,Relaxed
Relax,Rezz,https://open.spotify.com/track/14K2pJLfhfqyVobBQ6Vdhb,Relaxed
